Workbook
Name Slicer_Gender: #N/A
Name Slicer_Health_status: #N/A
Name Slicer_Region: #N/A
Name Slicer_Region1: #N/A

Sheet Raw_data
A1: ChildID | B1: Age_Months | C1: Gender | D1: Height_cm | E1: Weight_kg | F1: Daily_Fruit_Servings | G1: Daily_Veggie_Servings | H1: Daily_Sugar_Drinks | I1: ScreenTime_Hours | J1: Region
A2: C001 | B2: 47 | C2: Female | D2: 104.41 | E2: 17.34 | F2: 1 | G2: 2 | H2: 3 | I2: 1.2 | J2: South
A3: C002 | B3: 34 | C3: Female | D3: 99.08 | E3: 16.21 | F3: 0 | G3: 1 | H3: 1 | I3: 1.4 | J3: Central
A4: C003 | B4: 35 | C4: Female | D4: 94.96 | E4: 17.3 | F4: 3 | G4: 3 | H4: 2 | I4: 0.6 | J4: Central
A5: C004 | B5: 39 | C5: Female | D5: 100.65 | E5: 20.01 | F5: 2 | G5: 0 | H5: 1 | I5: 1.5 | J5: Central
A6: C005 | B6: 26 | C6: Female | D6: 90.06 | E6: 12.16 | F6: 0 | G6: 1 | H6: 0 | I6: 0.9 | J6: South
A7: C006 | B7: 51 | C7: Male | D7: 108.82 | E7: 21.54 | F7: 0 | G7: 1 | H7: 1 | I7: 0.9 | J7: East
A8: C007 | B8: 52 | C8: Male | D8: 110.28 | E8: 21.49 | F8: 4 | G8: 0 | H8: 2 | I8: 2.8 | J8: South
A9: C008 | B9: 52 | C9: Female | D9: 102.65 | E9: 19.55 | F9: 2 | G9: 2 | H9: 1 | I9: 1.3 | J9: Central
A10: C009 | B10: 28 | C10: Male | D10: 91.47 | E10: 16.39 | F10: 3 | G10: 2 | H10: 3 | I10: 0.8 | J10: North
A11: C010 | B11: 44 | C11: Female | D11: 111.89 | E11: 17.95 | F11: 1 | G11: 3 | H11: 0 | I11: 0.8 | J11: Central
A12: C011 | B12: 25 | C12: Male | D12: 96.25 | E12: 13.5 | F12: 3 | G12: 4 | H12: 0 | I12: 0.6 | J12: West
A13: C012 | B13: 32 | C13: Female | D13: 96.02 | E13: 16.55 | F13: 2 | G13: 0 | H13: 2 | I13: 1 | J13: North
... A101: C100 | B101: 49 | C101: Male | D101: 106.6 | E101: 21.21 | F101: 0 | G101: 0 | H101: 2 | I101: 2.5 | J101: North

Sheet Sheet4
A1: Count of Age_Months | B1: Sum of BMI
A2: 100 | B2: 3517.2884

Sheet Cleaned_data
A1: ChildID | B1: Age_Months | C1: Gender | D1: Height_cm | E1: Weight_kg | F1: Daily_Fruit_Servings | G1: Daily_Veggie_Servings | H1: Daily_Sugar_Drinks | I1: ScreenTime_Hours | J1: Region | K1: BMI | L1: Health_status
A2: C001 | B2: 47 | C2: Female | D2: 104.41 | E2: 17.34 | F2: 1 | G2: 2 | H2: 3 | I2: 1.2 | J2: South | K2: =E2/(D2/100)*2 -> 33.215209 | L2: =IF(Cleaned_data!$K2<18.5,"underweight", IF(Cleaned_data!$K2<=24.9,"Healthy Weight", IF(Cleaned_data!$K2<=29.9,"Overweight",IF(Cleaned_data!$K2>=30,"obese")))) -> obese
A3: C002 | B3: 34 | C3: Female | D3: 99.08 | E3: 16.21 | F3: 0 | G3: 1 | H3: 1 | I3: 1.4 | J3: Central | K3: =E3/(D3/100)*2 -> 32.721034 | L3: =IF(Cleaned_data!$K3<18.5,"underweight", IF(Cleaned_data!$K3<=24.9,"Healthy Weight", IF(Cleaned_data!$K3<=29.9,"Overweight",IF(Cleaned_data!$K3>=30,"obese")))) -> obese
A4: C003 | B4: 35 | C4: Female | D4: 94.96 | E4: 17.3 | F4: 3 | G4: 3 | H4: 2 | I4: 0.6 | J4: Central | K4: =E4/(D4/100)*2 -> 36.436394 | L4: =IF(Cleaned_data!$K4<18.5,"underweight", IF(Cleaned_data!$K4<=24.9,"Healthy Weight", IF(Cleaned_data!$K4<=29.9,"Overweight",IF(Cleaned_data!$K4>=30,"obese")))) -> obese
A5: C004 | B5: 39 | C5: Female | D5: 100.65 | E5: 20.01 | F5: 2 | G5: 0 | H5: 1 | I5: 1.5 | J5: Central | K5: =E5/(D5/100)*2 -> 39.76155 | L5: =IF(Cleaned_data!$K5<18.5,"underweight", IF(Cleaned_data!$K5<=24.9,"Healthy Weight", IF(Cleaned_data!$K5<=29.9,"Overweight",IF(Cleaned_data!$K5>=30,"obese")))) -> obese
A6: C005 | B6: 26 | C6: Female | D6: 90.06 | E6: 12.16 | F6: 0 | G6: 1 | H6: 0 | I6: 0.9 | J6: South | K6: =E6/(D6/100)*2 -> 27.004219 | L6: =IF(Cleaned_data!$K6<18.5,"underweight", IF(Cleaned_data!$K6<=24.9,"Healthy Weight", IF(Cleaned_data!$K6<=29.9,"Overweight",IF(Cleaned_data!$K6>=30,"obese")))) -> Overweight
A7: C006 | B7: 51 | C7: Male | D7: 108.82 | E7: 21.54 | F7: 0 | G7: 1 | H7: 1 | I7: 0.9 | J7: East | K7: =E7/(D7/100)*2 -> 39.588311 | L7: =IF(Cleaned_data!$K7<18.5,"underweight", IF(Cleaned_data!$K7<=24.9,"Healthy Weight", IF(Cleaned_data!$K7<=29.9,"Overweight",IF(Cleaned_data!$K7>=30,"obese")))) -> obese
A8: C007 | B8: 52 | C8: Male | D8: 110.28 | E8: 21.49 | F8: 4 | G8: 0 | H8: 2 | I8: 2.8 | J8: South | K8: =E8/(D8/100)*2 -> 38.973522 | L8: =IF(Cleaned_data!$K8<18.5,"underweight", IF(Cleaned_data!$K8<=24.9,"Healthy Weight", IF(Cleaned_data!$K8<=29.9,"Overweight",IF(Cleaned_data!$K8>=30,"obese")))) -> obese
A9: C008 | B9: 52 | C9: Female | D9: 102.65 | E9: 19.55 | F9: 2 | G9: 2 | H9: 1 | I9: 1.3 | J9: Central | K9: =E9/(D9/100)*2 -> 38.090599 | L9: =IF(Cleaned_data!$K9<18.5,"underweight", IF(Cleaned_data!$K9<=24.9,"Healthy Weight", IF(Cleaned_data!$K9<=29.9,"Overweight",IF(Cleaned_data!$K9>=30,"obese")))) -> obese
A10: C009 | B10: 28 | C10: Male | D10: 91.47 | E10: 16.39 | F10: 3 | G10: 2 | H10: 3 | I10: 0.8 | J10: North | K10: =E10/(D10/100)*2 -> 35.836886 | L10: =IF(Cleaned_data!$K10<18.5,"underweight", IF(Cleaned_data!$K10<=24.9,"Healthy Weight", IF(Cleaned_data!$K10<=29.9,"Overweight",IF(Cleaned_data!$K10>=30,"obese")))) -> obese
A11: C010 | B11: 44 | C11: Female | D11: 111.89 | E11: 17.95 | F11: 1 | G11: 3 | H11: 0 | I11: 0.8 | J11: Central | K11: =E11/(D11/100)*2 -> 32.085084 | L11: =IF(Cleaned_data!$K11<18.5,"underweight", IF(Cleaned_data!$K11<=24.9,"Healthy Weight", IF(Cleaned_data!$K11<=29.9,"Overweight",IF(Cleaned_data!$K11>=30,"obese")))) -> obese
A12: C011 | B12: 25 | C12: Male | D12: 96.25 | E12: 13.5 | F12: 3 | G12: 4 | H12: 0 | I12: 0.6 | J12: West | K12: =E12/(D12/100)*2 -> 28.051948 | L12: =IF(Cleaned_data!$K12<18.5,"underweight", IF(Cleaned_data!$K12<=24.9,"Healthy Weight", IF(Cleaned_data!$K12<=29.9,"Overweight",IF(Cleaned_data!$K12>=30,"obese")))) -> Overweight
A13: C012 | B13: 32 | C13: Female | D13: 96.02 | E13: 16.55 | F13: 2 | G13: 0 | H13: 2 | I13: 1 | J13: North | K13: =E13/(D13/100)*2 -> 34.471985 | L13: =IF(Cleaned_data!$K13<18.5,"underweight", IF(Cleaned_data!$K13<=24.9,"Healthy Weight", IF(Cleaned_data!$K13<=29.9,"Overweight",IF(Cleaned_data!$K13>=30,"obese")))) -> obese
... A101: C100 | B101: 49 | C101: Male | D101: 106.6 | E101: 21.21 | F101: 0 | G101: 0 | H101: 2 | I101: 2.5 | J101: North | K101: =E101/(D101/100)*2 -> 39.793621 | L101: =IF(Cleaned_data!$K101<18.5,"underweight", IF(Cleaned_data!$K101<=24.9,"Healthy Weight", IF(Cleaned_data!$K101<=29.9,"Overweight",IF(Cleaned_data!$K101>=30,"obese")))) -> obese

Sheet Pivot_tables
A3: Count of ChildID | B3: Age_Months
A4: Age_months | B4: Healthy Weight | C4: obese | D4: Overweight | E4: Grand Total
A5: 25 | C5: 4 | D5: 2 | E5: 6
A6: 26 | C6: 1 | D6: 1 | E6: 2
A7: 27 | C7: 3 | E7: 3
A8: 28 | C8: 3 | E8: 3
A9: 29 | C9: 1 | D9: 1 | E9: 2
A10: 30 | C10: 3 | D10: 1 | E10: 4
A11: 31 | C11: 2 | E11: 2
A12: 32 | B12: 1 | C12: 3 | D12: 2 | E12: 6
A13: 33 | D13: 1 | E13: 1
A14: 34 | C14: 5 | E14: 5
A15: 35 | C15: 3 | D15: 1 | E15: 4
A16: 36 | D16: 1 | E16: 1
A17: 38 | C17: 4 | E17: 4
A18: 39 | C18: 2 | E18: 2
A19: 40 | C19: 2 | E19: 2
A20: 41 | C20: 1 | E20: 1
A21: 42 | C21: 1 | D21: 1 | E21: 2
A22: 43 | C22: 1 | D22: 1 | E22: 2
A23: 44 | C23: 3 | E23: 3
A24: 45 | C24: 4 | E24: 4
A25: 46 | C25: 5 | E25: 5
A26: 47 | C26: 2 | E26: 2
A27: 48 | C27: 3 | E27: 3
A28: 49 | C28: 4 | E28: 4
A29: 50 | C29: 3 | E29: 3
A30: 51 | C30: 1 | E30: 1
A31: 52 | C31: 5 | E31: 5
A32: 53 | C32: 2 | E32: 2
A33: 54 | C33: 2 | E33: 2
A34: 55 | C34: 1 | E34: 1
... A38: 59 | C38: 2 | E38: 2
A39: Grand Total | B39: 1 | C39: 87 | D39: 12 | E39: 100

Sheet pivot_table2
A3: Daily_fruit_servings and veggie_serving | B3: Average of BMI
A4: 0 | B4: 36.551942
A5: 0 | B5: 38.540708
A6: 1 | B6: 35.465609
A7: 2 | B7: 35.37821
A8: 3 | B8: 34.413519
A9: 4 | B9: 38.622379
A10: 1 | B10: 34.613987
A11: 0 | B11: 35.202181
A12: 1 | B12: 32.720674
A13: 2 | B13: 35.19843
A14: 3 | B14: 32.57438
A15: 4 | B15: 38.067792
... A32: 4 | B32: 44.352144
A33: Grand Total | B33: 35.172884

Sheet Bar chart
A3: Average of Daily_Sugar_Drinks | B3: Column Labels
A4: Row Labels | B4: Healthy Weight | C4: obese | D4: Overweight | E4: Grand Total
A5: 0.5 | C5: 1.2 | D5: 0 | E5: 1
A6: 0.6 | C6: 0.625 | D6: 0 | E6: 0.55555556
A7: 0.7 | C7: 0.75 | E7: 0.75
A8: 0.8 | C8: 0.41666667 | D8: 0 | E8: 0.38461538
A9: 0.9 | C9: 0.42857143 | D9: 0.5 | E9: 0.44444444
A10: 1 | C10: 1 | E10: 1
A11: 1.1 | C11: 1.6666667 | D11: 3 | E11: 2
A12: 1.2 | C12: 2.25 | E12: 2.25
A13: 1.3 | B13: 1 | C13: 1.6666667 | D13: 2.5 | E13: 1.8333333
A14: 1.4 | C14: 1 | E14: 1
A15: 1.5 | C15: 1 | E15: 1
A16: 1.6 | C16: 2 | E16: 2
A17: 1.7 | C17: 1.6 | E17: 1.6
A18: 1.8 | C18: 2 | D18: 2 | E18: 2
A19: 1.9 | C19: 2 | E19: 2
A20: 2 | C20: 1.4 | D20: 1 | E20: 1.3333333
A21: 2.1 | C21: 3 | E21: 3
A22: 2.2 | C22: 2 | D22: 3 | E22: 2.5
A23: 2.3 | C23: 2 | E23: 2
A24: 2.5 | C24: 2 | E24: 2
A25: 2.6 | C25: 2 | D25: 2 | E25: 2
A26: 2.8 | C26: 2 | E26: 2
A27: 2.9 | C27: 3 | E27: 3
A28: 3 | C28: 3 | E28: 3 | G28: Row Labels | H28: Count of Health_status
A29: 3.1 | C29: 3 | E29: 3 | G29: Female | H29: 48
A30: 3.2 | C30: 3 | E30: 3 | G30: Male | H30: 52
A31: 3.8 | C31: 3 | E31: 3 | G31: Grand Total | H31: 100
A32: Grand Total | B32: 1 | C32: 1.3678161 | D32: 1.4166667 | E32: 1.37

Sheet pivot_table3
A3: Average of BMI | B3: Column Labels
A4: Daily_Fruits_served | B4: Central | C4: East | D4: North | E4: South | F4: West | G4: Grand Total
A5: 0 | B5: 36.065299 | C5: 35.407631 | D5: 36.610144 | E5: 32.681678 | F5: 40.117131 | G5: 36.551942
A6: 1 | B6: 33.735254 | C6: 35.669773 | D6: 33.760275 | E6: 34.083187 | F6: 37.895125 | G6: 34.613987
A7: 2 | B7: 37.174985 | C7: 30.236266 | D7: 32.138025 | E7: 33.441001 | F7: 38.192297 | G7: 34.895863
A8: 3 | B8: 36.856855 | C8: 33.624746 | D8: 35.746056 | E8: 35.8979 | F8: 28.051948 | G8: 35.354417
A9: 4 | B9: 31.163383 | C9: 33.002382 | D9: 33.37425 | E9: 39.68015 | F9: 38.08363 | G9: 34.823934
A10: Grand Total | B10: 34.796723 | C10: 33.908605 | D10: 34.331943 | E10: 35.822633 | F10: 37.921239 | G10: 35.172884

Sheet DashBoard

Sheet Summary
